objectname,objectid,rating,numplays,weight,own,fortrade,want,wanttobuy,wanttoplay,prevowned,preordered,wishlist,wishlistpriority,wishlistcomment,comment,conditiontext,haspartslist,wantpartslist,collid,baverage,average,avgweight,rank,numowned,objecttype,originalname,minplayers,maxplayers,playingtime,maxplaytime,minplaytime,yearpublished,bggrecplayers,bggbestplayers,bggrecagerange,bgglanguagedependence,publisherid,imageid,year,language,other,itemtype,barcode,pricepaid,pp_currency,currvalue,cv_currency,acquisitiondate,acquiredfrom,quantity,privatecomment,invlocation,invdate,version_publishers,version_languages,version_yearpublished,version_nickname
"7 Wonders","68448","0","0","0","0","0","0","0","0","0","0","0","3","","","","","","141161681","7.54585","7.66026","2.315","118","157680","thing","7 Wonders","2","7","30","30","30","2010","3,4,5,6,7","4,5","10+","No necessary in-game text","","","","","","standalone","","212.3","","","","2026-01-12","淘宝","","","","","","","",""
"Aye!Captain","424191","5","0","0","0","0","0","0","0","1","0","0","3","","","","","","131427242","0","5.78571","0","0","12","thing","Aye!Captain","1","4","90","90","45","2024","","","","Moderate in-game text - needs crib sheet or paste ups","","","","","","standalone","","158","","","","2024-07-02","摩点","","","茨坝人才公寓405","2025-09-28","拾刻桌游 (O'Clock Games)","Chinese","2024","Chinese edition"
"CABO (Second Edition)","271321","7","0","0","1","0","0","0","0","0","0","0","3","","","","","","131395880","6.34955","7.30064","1.2115","1729","5186","thing","CABO (Second Edition)","2","4","45","45","45","2019","2,3,4","3,4","8+","Some necessary text - easily memorized or small crib sheet","","","","","","standalone","","15","","","","","淘宝","","","","","Bézier Games","English","2019","English standard edition"
"Café Baras","406498","0","0","0","0","0","0","0","0","1","0","0","3","","","","","","135827865","6.13539","7.20819","1.9459","2524","4315","thing","Café Baras","2","4","30","30","30","2024","2,3,4","2,3","8+","Moderate in-game text - needs crib sheet or paste ups","","","","","","standalone","","86","","","","2025-06-13","摩点","","","405","","","","",""
"Castle Combo: Out of the Oubliette!","448182","9","0","0","1","0","0","0","0","0","0","0","3","","","","","","147641658","6.13134","8.00912","1.8333","0","4946","thing","Castle Combo: Out of the Oubliette!","2","5","25","25","10","2025","2,3,4,5","2,3","8+","Some necessary text - easily memorized or small crib sheet","","","","","","expansion","","26.55","","","","","新物集","","","","","Catch Up Games; Hachette Boardgames UK","English","2025","English edition"
"Challengers! Beach Cup","390340","8","0","0","1","0","0","0","0","0","0","0","3","","","","","","131429538","6.44476","7.6311","2.0833","1479","4922","thing","Challengers! Beach Cup","1","8","45","45","45","2023","2,4,5,6,7,8","4,6,8","8+","Moderate in-game text - needs crib sheet or paste ups","","","","","","standalone","","57.83","","","","2024-11-01","淘宝","","","茨坝人才公寓405","2024-11-16","","","",""
"Clank!: Catacombs – Lairs and Lost Chambers","422869","10","0","0","1","0","0","0","0","0","0","0","3","","","","","","146297777","6.33962","8.28312","2.5294","0","6166","thing","Clank!: Catacombs – Lairs and Lost Chambers","2","4","90","90","45","2024","2,3,4","3","10+","Moderate in-game text - needs crib sheet or paste ups","","","","","","expansion","","168.74","","","","","淘宝","","","","","","","",""
"Clank!: Catacombs – Underworld","447586","0","0","0","1","0","0","0","0","0","0","0","3","","","","","","146297785","5.90121","8.227","2.9286","0","3343","thing","Clank!: Catacombs – Underworld","2","4","90","90","45","2025","2,3,4","3","","Unplayable in another language","","","","","","expansion","","203.26","","","","","淘宝","","","","","","","",""
"Detective: Heists & Heartbreak","443875","0","0","0","0","0","0","1","0","0","0","0","3","","","","","","146302024","0","8.1579","1","0","311","thing","Detective: Heists & Heartbreak","1","5","150","150","30","2026","","","","","","","","","","expansion","","","","","","","","","","","","","","",""
"Flip 7","420087","7","0","0","1","0","0","0","0","0","0","0","3","","","","","","132329586","6.99579","7.2055","1.0386","513","58056","thing","Flip 7","3","18","20","20","20","2025","3,4,5,6,7,8,9","5,6","6+","Some necessary text - easily memorized or small crib sheet","","","","","","standalone","","18","","","","2025-05-12","淘宝","","盗版","405","2025-05-23","The Op Games","English","2025","English second edition"
"Four against the Great Old Ones","307191","0","0","0","0","0","0","0","0","1","0","0","3","","","","","","146357420","5.57035","7.69792","2.5","11495","390","thing","Four against the Great Old Ones","1","4","120","120","20","2020","1","1","14+","Moderate in-game text - needs crib sheet or paste ups","","","","","","standalone","","","","","","","","","","","","Ganesha Games","English","2020","English edition"
"Gloomhaven: Buttons & Bugs","393672","0","0","0","1","0","0","0","0","0","0","0","3","","","","","","136718806","6.7191","7.46972","3.3188","887","18784","thing","Gloomhaven: Buttons & Bugs","1","1","20","20","20","2024","1","1","14+","Extensive use of text - massive conversion needed to be playable","","","","","","standalone","","117","","","","2025-09-24","咸鱼","","","","2025-09-27","","","",""
"Keep the Heroes Out!: Boss Battles","394150","0","0","0","1","0","0","0","0","0","0","0","3","","","","","","134420534","5.97619","8.60286","2.875","0","3645","thing","Keep the Heroes Out!: Boss Battles","1","4","40","0","40","2024","1,2,3","2","6+","No necessary in-game text","","","","","","expansion","","300","","","","","新物集","","","","","","","",""
"Keep the Heroes Out!: The Great Dreamer Expansion","351549","9","0","0","1","0","0","0","0","0","0","0","3","","","","","","135247929","5.98531","8.22832","2.5","0","4608","thing","Keep the Heroes Out!: The Great Dreamer Expansion","1","4","40","40","40","2022","1,2,3","2","8+","No necessary in-game text","","","","","","expansion","","","","","","","","","","","","Brueh Games Inc.","Chinese; English; Portuguese","2022","English/Portuguese/Chinese edition"
"Keep the Heroes Out!: The Sparkling Guardian Expansion","404357","0","0","0","1","0","0","0","0","0","0","0","3","","","","","","135247948","5.73122","7.99254","2.5","0","2801","thing","Keep the Heroes Out!: The Sparkling Guardian Expansion","1","4","40","0","40","2024","1,2,3","2","8+","No necessary in-game text","","","","","","expansion","","","","","","","","","","","","Brueh Games Inc.","English","2024","English edition"
"The Lord of the Rings: Duel for Middle-Earth – Allies","450429","8","0","0","1","0","0","0","0","0","0","0","3","","","","","","143127598","6.31736","8.15693","1.8421","0","9428","thing","The Lord of the Rings: Duel for Middle-Earth – Allies","2","2","30","30","30","2025","2","2","10+","No necessary in-game text","","","","","","expansion","","68","","","","","淘宝","","","","","","","",""
"The Lord of the Rings: Duel for Middle-earth – Grond Promo Tile","430036","0","0","0","1","0","0","0","0","0","0","0","3","","","","","","140120635","5.60286","6.66369","2.3333","0","1716","thing","The Lord of the Rings: Duel for Middle-earth – Grond Promo Tile","2","2","45","45","30","2025","2","2","12+","No necessary in-game text","","","","","","expansion","","","","","","","","","","","","Repos Production","(neutral)","2025","Multilingual edition, second printing"
"The Lord of the Rings: Duel for Middle-earth – The Shire Promo Tile","428620","0","0","0","1","0","0","0","0","0","0","0","3","","","","","","140120649","5.67585","6.9964","1.6","0","2396","thing","The Lord of the Rings: Duel for Middle-earth – The Shire Promo Tile","2","2","45","45","30","2025","2","2","8+","No necessary in-game text","","","","","","expansion","","","","","","","","","","","","Repos Production","English; French","2025","Multilingual edition, second printing"
"Lords of Waterdeep","110327","0","0","0","1","0","0","0","0","0","0","0","3","","","","","","148726049","7.57949","7.72868","2.448","108","75289","thing","Lords of Waterdeep","2","5","120","120","60","2012","2,3,4,5","3,4","10+","Moderate in-game text - needs crib sheet or paste ups","","","","","","standalone","","290","","","","2026-08-21","咸鱼","","","","2026-08-23","","","",""
"Lords of Waterdeep: Scoundrels of Skullport","134342","0","0","0","1","0","0","0","0","0","0","0","3","","","","","","148730079","7.78641","8.21038","2.6538","0","36496","thing","Lords of Waterdeep: Scoundrels of Skullport","2","6","60","60","60","2013","2,3,4,5,6","4","12+","Moderate in-game text - needs crib sheet or paste ups","","","","","","expansion","","190","","","","2026-08-21","咸鱼","","","","2026-08-23","","","",""
"Magical Athlete","454103","9","0","0","1","0","0","0","0","0","0","0","3","","","","","","144454827","7.2027","7.77263","1.2188","306","17069","thing","Magical Athlete","2","6","30","30","30","2025","3,4,5,6","5,6","6+","Moderate in-game text - needs crib sheet or paste ups","","","","","","standalone","","55","","","","2026-03-17","咸鱼","","盗版","405","2026-04-10","CMYK","English","2025","English edition"
"Mahjong","2093","9","0","0","1","0","0","0","0","0","0","0","3","","","","","","135695816","6.64776","7.06634","2.5794","1019","13242","thing","Mahjong","3","4","120","120","120","1850","4","4","10+","No necessary in-game text","","","","","","standalone","","68.1","","","","","","","","","","","","",""
"Mansions of Madness: Second Edition","205059","9","0","0","0","0","0","0","0","0","0","0","3","","","","","","134496086","7.67323","7.912","2.6904","79","66813","thing","Mansions of Madness: Second Edition","1","5","180","180","120","2016","1,2,3,4,5","3,4","12+","Extensive use of text - massive conversion needed to be playable","","","","","","standalone","","","","","","","","","","","","","","",""
"Patchwork","163412","8","0","0","0","0","0","0","0","0","0","0","3","","","","","","134496076","7.46989","7.5762","1.5999","149","124794","thing","Patchwork","2","2","30","30","15","2014","2","2","6+","No necessary in-game text","","","","","","standalone","","","","","","","","","","","","","","",""
"Poker","1115","0","0","0","1","0","0","0","0","0","0","0","3","","","","","","148870192","6.46791","6.72475","2.4237","1419","12095","thing","Poker","2","10","60","60","60","1810","3,4,5,6,7,8,9","5,6","12+","No necessary in-game text","","","","","","standalone","","4.24","","","","2026-03-03","淘宝","","","","2026-03-13","","","",""
"Rummikub Twist","237792","8","0","0","1","0","0","0","0","0","0","0","3","","","","","","131395644","5.69672","7.41031","2","6471","849","thing","Rummikub Twist","2","4","45","45","20","2016","2,3,4","3,4","6+","","","","","","","standalone","","165","","","","2024-03-23","咸鱼","","","茨坝人才公寓405","2024-04-02","","","",""
"SCOUT","291453","9.5","0","0","1","0","0","0","0","0","0","0","3","","","","","","131395806","7.57308","7.77366","1.3986","110","57654","thing","SCOUT","2","5","20","20","20","2021","3,4,5","4","8+","No necessary in-game text","","","","","","standalone","","24","","","","2025-02-09","淘宝","","","茨坝人才公寓405","2025-02-20","asmodee; Oink Games","Chinese; English; Japanese","2021","Japanese/Chinese/English edition"
"Sea Salt & Paper","367220","0","0","0","0","0","0","1","0","0","0","0","3","","","","","","131437200","7.27662","7.50918","1.4944","252","51939","thing","Sea Salt & Paper","2","4","45","45","30","2022","2,3,4","2","8+","No necessary in-game text","","","","","","standalone","","","","","","","","","","","","","","",""
"SETI: Space Agencies","445048","0","0","0","0","0","0","0","0","1","0","0","3","","","","","","146321994","7.05031","8.8544","3.7414","0","10556","thing","SETI: Space Agencies","1","4","160","160","40","2025","1,2,3,4","3","14+","Moderate in-game text - needs crib sheet or paste ups","","","","","","expansion","","","","","","","","","","","","","","",""
"Skull King","150145","0","0","0","1","0","0","0","0","0","0","0","3","","","","","","148730073","7.22146","7.53005","1.7303","284","35057","thing","Skull King","2","8","30","30","30","2013","3,4,5,6","4,5,6","8+","No necessary in-game text","","","","","","standalone","","26.57","","","","2026-08-21","淘宝","","盗版","","","","","",""
"Terraforming Mars: The Dice Game – Missions","453392","9","0","0","1","0","0","0","0","0","0","0","3","","","","","","138477422","5.5923","7.77053","2.6667","0","976","thing","Terraforming Mars: The Dice Game – Missions","1","4","45","45","45","2025","2,3,4","3","12+","","","","","","","expansion","","88","","","","","新物集","","","","","FryxGames","English","2025","English edition"
"Ticket to Ride Legacy: Legends of the West","390092","0","0","0","1","0","0","0","0","0","0","0","3","","","","","","148200693","7.78931","8.60576","2.5533","49","16607","thing","Ticket to Ride Legacy: Legends of the West","2","5","90","90","20","2023","2,3,4,5","4","10+","Moderate in-game text - needs crib sheet or paste ups","","","","","","standalone","","565","","","","","咸鱼","","","","","Days of Wonder; GoKids 玩樂小子","Chinese","2023","Traditional Chinese edition"
"Too Many Bones: Carcass","349581","9","0","0","1","0","0","0","0","0","0","0","3","","","","","","134705018","5.78583","8.73028","3.3333","0","3198","thing","Too Many Bones: Carcass","1","4","120","120","60","2023","","","","Extensive use of text - massive conversion needed to be playable","","","","","","expansion","","155.5","","","","","咸鱼","","","","","Chip Theory Games","English","2023","English edition"
"Too Many Bones: Polaris","349579","9","0","0","1","0","0","0","0","0","0","0","3","","","","","","134705032","5.78806","8.68206","4","0","3152","thing","Too Many Bones: Polaris","1","4","120","120","60","2023","","","","","","","","","","expansion","","155.5","","","","","咸鱼","","","","","Chip Theory Games","English","2023","English edition"
"Too Many Bones: Riffle","370264","9","0","0","1","0","0","0","0","0","0","0","3","","","","","","134705007","5.89521","8.65569","3.6","0","3425","thing","Too Many Bones: Riffle","0","0","0","0","0","2022","","","12","","","","","","","expansion","","155.5","","","","","咸鱼","","","","","Chip Theory Games","English","2022","English edition"
"Too Many Bones: Static","349580","10","0","0","1","0","0","0","0","0","0","0","3","","","","","","134705041","5.79749","8.661","4","0","3227","thing","Too Many Bones: Static","1","4","120","120","60","2023","","","","","","","","","","expansion","","155.5","","","","","咸鱼","","","","","Chip Theory Games","English","2023","English edition"
"UNO Flip!","271460","0","0","0","1","0","0","0","0","0","0","0","3","","","","","","140810572","5.88881","6.2689","1.2317","4008","15664","thing","UNO Flip!","2","10","30","30","30","2024","2,3,4,5,6,7","4","5+","No necessary in-game text","","","","","","standalone","","35","","","","","淘宝","","","","","Mattel, Inc.","Dutch; English; French; German; Italian","2024","EN/FR/DE/NL/IT edition"
"Urubamba Valley","391162","0","0","0","0","0","0","0","0","1","0","0","3","","","","","","146874362","5.53527","6.69439","2","15744","196","thing","Sacred Valley","3","5","60","60","60","2023","3,4,5","4","8+","Some necessary text - easily memorized or small crib sheet","","","","","","standalone","","","","","","","赠品","","","","","Broadway Toys LTD","Chinese; English","2023","Chinese/English edition"
"一带一路 (Belt and Road)","441743","7","0","0","1","0","0","0","0","0","0","0","3","","","","","","131426741","0","5.95","0","0","7","thing","一带一路 (Belt and Road)","2","4","0","0","0","2024","","","10","","","","","","","standalone","","88","","","","2024-07-01","新物集","","","茨坝人才公寓405","2024-09-18","YOKA Games","Chinese","2024","Chinese edition"
"七大奇蹟：第二版","316377","9","0","0","1","0","0","0","0","0","0","0","3","","","","","","141402880","7.37176","7.82179","2.2734","192","20706","thing","7 Wonders (Second Edition)","3","7","30","30","30","2020","3,4,5,6,7","4,5","10+","No necessary in-game text","","","","","","standalone","","212.3","","","","","淘宝","","","","","Repos Production","Chinese","2020","Chinese edition"
"七大奇迹：舰队扩展","316382","9.5","0","0","1","0","0","0","0","0","0","0","3","","","","","","141161736","6.06078","8.10779","3","0","3631","thing","7 Wonders (Second Edition): Armada","3","7","40","40","40","2021","3,4,5,6,7","5","10+","No necessary in-game text","","","","","","expansion","","167","","","","","淘宝","","","","","Repos Production","Chinese","2021","Chinese edition"
"傳情畫意","46213","8","0","0","1","0","0","0","0","0","0","0","3","","","","","","131429359","7.14588","7.37746","1.0692","352","32993","thing","Telestrations","4","8","30","30","30","2009","5,6,7,8","8","8+","Extensive use of text - massive conversion needed to be playable","","","","","","standalone","","57.23","","","","2022-10-12","淘宝","","盗版","","","Broadway Toys LTD","Chinese","0","Broadway Chinese edition"
"勃根地城堡豪華版","271320","10","0","0","1","0","0","0","0","0","0","0","3","","","","","","131394373","8.01898","8.45527","2.9092","0","31618","thing","The Castles of Burgundy","1","4","120","120","70","2020","1,2,3,4","2","12+","No necessary in-game text","","","","","","standalone","","216.49","","","","2025-02-22","淘宝","","","茨坝人才公寓405宿舍","","alea; Broadway Toys LTD","Chinese; English","2020","Chinese/English edition"
"卡斯卡迪亚之旅","295947","10","0","0","1","0","0","0","0","0","0","0","3","","","","","","126401525","7.73018","7.8823","1.8432","61","96222","thing","Cascadia","1","4","45","45","30","2021","1,2,3,4","2,3","8+","Some necessary text - easily memorized or small crib sheet","","","","","","standalone","","188","","","","2024-09-02","咸鱼","","","茨坝人才公寓405","2024-09-12","Alderac Entertainment Group; Flatout Games","Chinese","2021","Chinese edition"
"双侠小队","434906","0","0","0","0","0","0","0","0","1","0","0","3","","","","","","144953284","6.8509","7.61396","2.0943","692","10047","thing","Tag Team","2","2","15","15","15","2026","2","2","10+","Moderate in-game text - needs crib sheet or paste ups","","","","","","standalone","","","","","","","","","","","","Scorpion Masqué; YOKA Games","Chinese","2026","Simplified Chinese edition"
"噤声寻宝记！地下墓穴","365717","9","0","0","1","0","0","0","0","0","0","0","3","","","","","","144357185","7.79271","8.22769","2.5015","48","26817","thing","Clank!: Catacombs","2","4","90","90","45","2025","2,3,4","3","10+","Moderate in-game text - needs crib sheet or paste ups","","","","","","standalone","","285","","","","","淘宝","","","","","Broadway Toys LTD","Chinese","2025","Chinese edition"
"城堡嘉年华","416851","9","0","0","1","0","0","0","0","0","0","0","3","","","","","","135478962","7.35755","7.67769","1.733","206","27612","thing","Castle Combo","2","5","25","25","10","2025","2,3,4","2","8+","Some necessary text - easily memorized or small crib sheet","","","","","","standalone","","98","","","","","新物集","","","","","Catch Up Games; YOKA Games","Chinese","2025","Chinese edition"
"大搜查：神话冒险","302425","9","0","0","0","0","0","0","0","1","0","0","3","","","","","","132207192","6.49109","7.633","2.1739","1366","5360","thing","Unlock!: Mythic Adventures","1","6","60","60","60","2021","1,2,3,4","2","10+","Unplayable in another language","","","","","","standalone","","135","","","","","咸鱼","","","","","Space Cowboys","Chinese","2021","Chinese edition"
"大搜查! 史詩冒險","294612","9","0","0","0","0","0","0","0","0","0","0","3","","","","","","132207179","6.67401","7.64496","2.1154","968","6827","thing","Unlock!: Epic Adventures","1","6","60","60","60","2019","1,2,3,4","2","10+","Unplayable in another language","","","","","","standalone","","135","","","","","咸鱼","","","","","Space Cowboys","Chinese","0","Chinese edition"
"大搜查! 英勇冒險","266121","8","0","0","0","0","0","0","0","1","0","0","3","","","","","","131395696","6.82277","7.56568","2.2549","734","9008","thing","Unlock!: Heroic Adventures","1","6","60","60","60","2018","1,2,3,4","2","12+","Extensive use of text - massive conversion needed to be playable","","","","","","standalone","","100","","","","2025-03-01","咸鱼","","","茨坝人才公寓405","2025-03-07","asmodee; Space Cowboys","Chinese","0","Chinese edition"
"大搜查！时光冒险","279613","8","0","0","0","0","0","0","0","1","0","0","3","","","","","","131397975","6.75554","7.7177","2.0968","833","6840","thing","Unlock!: Timeless Adventures","1","6","90","90","60","2021","1,2,3","2","10+","Extensive use of text - massive conversion needed to be playable","","","","","","standalone","","60","","","","2025-02-04","咸鱼","","","茨坝人才公寓405","2025-02-08","Space Cowboys","Chinese","2021","Chinese edition"
"天合小队","373106","10","0","0","1","0","0","0","0","0","0","0","3","","","","","","131425512","7.89142","8.11124","2.041","32","70987","thing","Sky Team","2","2","20","20","20","2024","2","2","10+","Some necessary text - easily memorized or small crib sheet","","","","","","standalone","","167.13","","","","2024-11-17","淘宝","","","茨坝人才公寓405","2024-11-25","Scorpion Masqué; YOKA Games","Chinese","2024","Simplified Chinese edition"
"展翅翱翔：亚洲篇","366161","10","0","0","1","0","0","0","0","0","0","0","3","","","","","","131425601","7.64001","8.21219","2.6424","89","36268","thing","Wingspan Asia","1","2","70","70","40","2022","1,2","2","10+","Extensive use of text - massive conversion needed to be playable","","","","","","standalone","","195","","","","2024-10-29","咸鱼","","","茨坝人才公寓405","2024-11-03","Stonemaier Games","Chinese","2022","Chinese edition"
"山中小屋","358504","8","0","0","1","0","0","0","0","0","0","0","3","","","","","","135890193","6.52138","7.27324","2.3509","1295","13225","thing","Betrayal at House on the Hill: 3rd Edition","3","6","60","60","60","2025","4,5,6","5","12+","Extensive use of text - massive conversion needed to be playable","","","","","","standalone","","262","","","","","淘宝","","","","","Game Harbor","Chinese","2025","Chinese edition"
"工業革命：伯明翰","224517","10","1","0","1","0","0","0","0","0","0","0","3","","","","","","134271546","8.39022","8.55975","3.8604","1","86424","thing","Brass: Birmingham","2","4","120","120","60","2020","2,3,4","3,4","14+","No necessary in-game text","","","","","","standalone","","548","","54","","2025-07-15","新物集","","","405","2025-07-22","Board Game Rookie; Dexker Games; Roxley","Chinese","2020","Chinese edition"
"巫师飞塔","355483","0","0","0","0","0","0","0","0","1","0","0","3","","","","","","137520617","6.83907","7.32247","1.5946","714","13479","thing","Wandering Towers","1","6","30","30","30","2025","3,4,5,6","4,5","6+","No necessary in-game text","","","","","","standalone","","","","","","","","","","","","ABACUSSPIELE; Yaofish Games","Chinese","2025","Yaofish Chinese edition"
"忍者之夜","306321","7.5","0","0","1","0","0","0","0","0","0","0","3","","","","","","145699970","6.20598","7.14673","1.8378","2235","3589","thing","Night of the Ninja","4","11","30","30","15","2022","5,6,7,8,9,10,11","6,7,8","12+","Some necessary text - easily memorized or small crib sheet","","","","","","standalone","","26.77","","","","","淘宝","","盗版","","","Broadway Toys LTD; 狗吠火車","Chinese","2022","Chinese edition"
"战争之匣","249259","10","0","0","1","0","0","0","0","0","0","0","3","","","","","","131395737","7.38884","7.81752","2.3129","183","18731","thing","War Chest","2","4","30","30","30","2020","2,4","2","10+","Some necessary text - easily memorized or small crib sheet","","","","","","standalone","","238","","","","2024-05-13","新物集","","","茨坝人才公寓405","2024-05-31","YOKA Games; Alderac Entertainment Group","Chinese","2020","Chinese edition"
"战争之匣：围城","324656","8","0","0","1","0","0","0","0","0","0","0","3","","","","","","131395778","6.20961","8.16139","2.3684","0","5291","thing","War Chest: Siege","2","4","60","60","30","2021","2,4","2,4","8+","Some necessary text - easily memorized or small crib sheet","","","","","","expansion","","120","","","","2024-09-11","新物集","","","茨坝人才公寓405","2024-09-29","YOKA Games","Chinese","2021","Chinese edition"
"战争之匣：夜幕","388565","8","0","0","1","0","0","0","0","0","0","0","3","","","","","","132478564","5.72837","8.33505","2.5","0","2169","thing","War Chest: Nightfall","2","4","60","60","30","2024","2,4","2","","","","","","","","expansion","","124","","","","","淘宝","","","","","Alderac Entertainment Group; YOKA Games","Chinese","2024","Chinese edition"
"战争之匣：权贵","284444","10","0","0","1","0","0","0","0","0","0","0","3","","","","","","131395761","6.47195","8.24362","2.3333","0","6646","thing","War Chest: Nobility","2","4","60","60","30","2020","2,4","2","12+","Moderate in-game text - needs crib sheet or paste ups","","","","","","expansion","","120","","","","2024-09-11","新物集","","","茨坝人才公寓405","2024-09-29","YOKA Games","Chinese","2020","Chinese edition"
"拉斯維加斯豪華版","271319","8","0","0","1","0","0","0","0","0","0","0","3","","","","","","145699967","6.68806","7.45635","1.4444","941","7361","thing","Las Vegas Royale","2","5","60","60","45","2020","3,4,5","4,5","8+","No necessary in-game text","","","","","","standalone","","45.17","","","","2026-05-18","淘宝","","盗版","","2026-05-26","Broadway Toys LTD","Chinese; English","2020","English/Chinese edition"
"方舟保护区","441696","8","0","0","1","0","0","0","0","0","0","0","3","","","","","","136841532","6.81167","7.64941","2.8424","749","7608","thing","Sanctuary","1","5","100","100","40","2025","1,2,3,4","2,3","12+","Moderate in-game text - needs crib sheet or paste ups","","","","","","standalone","","308","","","","2025-09-28","淘宝造点","","","","","Feuerland Spiele; Game Harbor","Chinese","2025","Simplied Chinese edition"
"时空神探：巴黎1920","402111","9","0","0","0","0","0","0","0","1","0","0","3","","","","","","131426105","6.42821","7.46779","2.0545","1524","5491","thing","Kronologic: Paris 1920","1","4","30","30","30","2024","1,2,3,4","3","12+","No necessary in-game text","","","","","","standalone","","148","","","","2024-06-17","摩点","","","茨坝人才公寓405","2025-07-28","Origames; Super Meeple","Chinese","2024","Simplified Chinese edition"
"时空神探：库斯科1450","406619","0","0","0","1","0","0","0","0","0","0","0","3","","","","","","149512528","5.75314","7.62209","2.6","5481","1375","thing","Kronologic: Cuzco 1450","1","4","30","30","30","2025","1,2,3,4","1,2","10","","","","","","","standalone","","84.55","","","","2026-09-11","淘宝","","","405","2026-09-14","Origames; Super Meeple","Chinese","2025","Chinese edition"
"星弧航记","359871","0","0","0","0","0","0","0","0","1","0","0","3","","","","","","133500946","7.5937","7.98653","3.4472","101","31481","thing","Arcs","2","4","120","120","60","2025","2,3,4","3,4","14+","Extensive use of text - massive conversion needed to be playable","","","","","","standalone","","308","","","","","集石","","","","","CMON Global Limited","Chinese","2025","Simplified Chinese edition"
"星弧航记：衰变星域","363757","0","0","0","0","0","0","0","0","1","0","0","3","","","","","","135247895","7.02741","8.85309","4.5479","0","10019","thing","Arcs: The Blighted Reach Expansion","2","4","0","0","0","2024","2,3,4","3,4","14+","Extensive use of text - massive conversion needed to be playable","","","","","","expansion","","","","","","","","","","","","CMON Global Limited; Leder Games","Chinese","0","Chinese edition"
"星空觅迹：探寻地外文明计划","418059","0","0","0","1","0","0","0","0","0","0","0","3","","","","","","143658507","8.05074","8.41231","3.8362","14","34351","thing","SETI: Search for Extraterrestrial Intelligence","1","4","160","160","40","2025","1,2,3,4","3","14+","Moderate in-game text - needs crib sheet or paste ups","","","","","","standalone","","","","","","","","","","","","Broadway Toys LTD; Czech Games Edition (CGE)","Chinese","2025","Simplified Chinese edition"
"星際探險隊：深海任務","324856","9","0","0","1","0","0","0","0","0","0","0","3","","","","","","147743024","7.80111","8.03819","2.0558","45","53457","thing","The Crew: Mission Deep Sea","2","5","20","20","20","2022","3,4,5","4","10+","Moderate in-game text - needs crib sheet or paste ups","","","","","","standalone","","39.58","","","","","淘宝","","","","","KOSMOS; Swan Panasia Co., Ltd.","Chinese","2022","Chinese edition"
"暗諜魅影","324914","0","0","0","0","0","0","0","0","1","0","0","3","","","","","","146899910","6.23116","6.97467","1.6604","2137","4944","thing","Inside Job","2","5","30","30","20","2024","3,4,5","4,5","12+","Moderate in-game text - needs crib sheet or paste ups","","","","","","standalone","","","","","","","赠品","","","","","Broadway Toys LTD","Chinese","2024","Chinese edition"
"木心匠艺","355093","0","0","0","1","0","0","0","0","0","0","0","3","","","","","","149244899","6.97088","7.5626","3.8242","540","11208","thing","Woodcraft","1","4","120","120","60","2022","1,2,3,4","3","14+","No necessary in-game text","","","","","","standalone","","","","","","","","","","","","Delicious Games; YOKA Games","Chinese","2022","Simplified Chinese edition"
"末世亲缘：斯旺之书","340216","10","0","0","0","0","0","0","0","1","0","0","3","","","","","","131426957","6.0354","7.95874","2.5652","3025","1980","thing","Heredity: The Book of Swan","1","4","180","180","120","2024","1,2,3,4","2","14+","Unplayable in another language","","","","","","standalone","","283.26","","","","2024-11-11","淘宝","","","茨坝人才公寓405","2024-11-25","Game Harbor","Chinese","2024","Chinese edition"
"榴莲忘贩","307963","0","0","0","1","0","0","0","0","0","0","0","3","","","","","","147112397","6.11108","6.88324","1.119","2633","3699","thing","Durian","2","7","20","20","20","2023","4,5,6,7","5,6,7","8+","No necessary in-game text","","","","","","standalone","","35.4","","","","","淘宝","","盗版","","","Oink Games","Chinese","2023","Chinese edition"
"欢迎来到月球","339789","8","0","0","1","0","0","0","0","0","0","0","3","","","","","","131429462","7.35125","7.84245","2.4578","214","21066","thing","Welcome to the Moon","1","6","30","30","25","2024","1,2,3,4,5,6","2,3,4","10+","No necessary in-game text","","","","","","standalone","","293","","","","2025-10-25","新物集","","","","","BoardGamePlanet","Chinese","2024","Chinese edition"
"水下城市 Underwater Cities","247763","0","0","0","0","0","0","0","0","0","1","0","3","","","","","","146970739","7.77264","8.03953","3.5897","53","30540","thing","Underwater Cities","1","4","150","150","80","2019","1,2,3","2","12+","Moderate in-game text - needs crib sheet or paste ups","","","","","","standalone","","","","","","","","","","","","MYBG Co., Ltd.","Chinese","2019","Chinese edition"
"沙丘：帝国 - 起义","397598","10","0","0","1","0","0","0","0","0","0","0","3","","","","","","135508944","8.26215","8.69836","3.5288","5","30817","thing","Dune: Imperium – Uprising","1","6","120","120","60","2025","1,2,3,4,6","4","14+","Moderate in-game text - needs crib sheet or paste ups","","","","","","standalone","","308","","","","","淘宝","","","","","Broadway Toys LTD; Dire Wolf","Chinese","2025","Chinese edition"
"沙丘：帝國 血脈永續","426129","10","0","0","1","0","0","0","0","0","0","0","3","","","","","","138202126","6.85205","8.69527","3.5833","0","9528","thing","Dune: Imperium – Bloodlines","1","6","120","120","60","2025","2,3,4,6","4","12+","Moderate in-game text - needs crib sheet or paste ups","","","","","","expansion","","212.48","","","","2025-10-26","淘宝aa桌游","","","","","Broadway Toys LTD","Chinese","2025","Chinese edition"
"波多黎各 1897 特別典藏版","415843","10","0","0","1","0","0","0","0","0","0","0","3","","","","","","138477266","7.01527","8.65536","2.9697","0","6959","thing","Puerto Rico 1897: Special Edition","1","5","120","120","60","2025","1,2,3,4,5","4","10+","Some necessary text - easily memorized or small crib sheet","","","","","","standalone","","1166","","","","","新物集","","","","","GoKids 玩樂小子","Chinese","2025","Chinese edition"
"炸弹克星","413246","10","1","0","1","0","0","0","0","0","0","0","3","","","","","","131410223","7.65055","8.032","2.0078","85","30043","thing","Bomb Busters","2","5","30","30","30","2024","3,4,5","4","10+","Moderate in-game text - needs crib sheet or paste ups","","","","","","standalone","","165","","","","2024-10-10","咸鱼","","","茨坝人才公寓405","2024-10-13","Broadway Toys LTD","Chinese","2024","Simplified Chinese edition"
"無間風雲","153064","7","0","0","1","0","0","0","0","0","0","0","3","","","","","","138055898","6.08934","6.52853","1.2593","2735","5256","thing","Good Cop Bad Cop","4","8","20","20","10","2014","4,5,6,7,8","6,8","10+","Some necessary text - easily memorized or small crib sheet","","","","","","standalone","","58.52","","","","2025-10-26","淘宝","","盗版","","","Broadway Toys LTD","Chinese","0","Chinese edition"
"牛頭王","432","7","0","0","1","0","0","0","0","0","0","0","3","","","","","","131395865","6.86","6.98782","1.1886","674","51462","thing","Take 5","2","10","45","45","45","1994","3,4,5,6,7,8,9,10","5,6","8+","No necessary in-game text","","","","","","standalone","","47.56","","","","2024-12-24","淘宝","","","茨坝人才公寓405","2025-01-04","Broadway Toys LTD; AMIGO","Chinese; English","0","Chinese/English edition"
"猩猩相惜","400348","6","0","0","1","0","0","0","0","0","0","0","3","","","","","","131395916","0","6.225","1","0","21","thing","Spill The Tea","3","8","0","0","0","2023","","","","","","","","","","standalone","","49","","","","2023-10-14","淘宝","","","茨坝人才公寓405","2023-10-24","C.O.R.E Lab","Chinese","2023","Simplified Chinese edition"
"現代藝術","118","9","0","0","1","0","0","0","0","0","0","0","3","","","","","","131410019","7.33157","7.52451","2.2756","223","34512","thing","Modern Art","3","5","45","45","45","2017","3,4,5","4,5","10+","No necessary in-game text","","","","","","standalone","","158","","","","2024-04-06","咸鱼","","","茨坝人才公寓405","2024-04-10","CMON Global Limited","Chinese","2017","CMON Chinese edition 2017"
"璀璨宝石：宝可梦","406291","8","0","0","1","0","0","0","0","0","0","0","3","","","","","","131395546","6.54485","7.9121","1.8654","1230","4183","thing","스플렌더: Pokémon (Splendor: Pokémon)","2","4","30","30","30","2024","2,3,4","3","8+","No necessary in-game text","","","","","","standalone","","224.09","","","","2024-06-02","淘宝","","","茨坝人才公寓405","2024-06-12","Space Cowboys","Chinese","2024","Chinese edition"
"璀璨宝石：对决","364073","9","0","0","1","0","0","0","0","0","0","0","3","","","","","","131395611","7.56955","7.87908","2.0433","111","40500","thing","Splendor Duel","2","2","30","30","30","2022","2","2","10+","No necessary in-game text","","","","","","standalone","","131.7","","","","2024-11-11","淘宝","","","茨坝人才公寓405","2024-11-25","Space Cowboys","Chinese","2022","Chinese edition"
"璀璨寶石","148228","8","0","0","1","0","0","0","0","0","0","0","3","","","","","","131395584","7.29245","7.42099","1.7747","244","141206","thing","Splendor","2","4","30","30","30","2016","2,3,4","3","8+","No necessary in-game text","","","","","","standalone","","159","","","","2024-02-27","咸鱼","","","茨坝人才公寓405","2024-03-01","Space Cowboys","Chinese","2016","Chinese edition"
"瘟疫危機︰承傳","161936","10","0","0","1","1","0","0","0","0","0","0","3","","","","","","144050145","8.34285","8.50044","2.8284","3","90025","thing","Pandemic Legacy: Season 1","2","4","60","60","60","2016","2,3,4","4","12+","Extensive use of text - massive conversion needed to be playable","","","","","","standalone","","418","","","","","咸鱼","","","","","Jolly Thinkers; Z-Man Games","Chinese","2016","Chinese blue edition"
"矮人掘金：20週年紀念版","406322","0","0","0","1","0","0","0","0","0","0","0","3","","","","","","147112398","5.85238","7.68528","1.8824","0","2784","thing","Saboteur: 20th Anniversary Edition","2","12","30","30","30","2024","4,5,6,7,8,9","6,7","8+","No necessary in-game text","","","","","","standalone","","35.39","","","","","淘宝","","盗版","","","AMIGO; Broadway Toys LTD","Chinese","2024","Chinese edition"
"籤籤入扣 stick stack","204734","6","0","0","1","0","0","0","0","0","0","0","3","","","","","","135176071","5.61378","6.50221","1","8863","697","thing","Stick Stack","2","99","30","30","30","2016","3,4,5,6,7,8,9,10,11,12,13,14,15","6","3+","No necessary in-game text","","","","","","standalone","","74","","","","","新物集","","","","","Broadway Toys LTD","Chinese","2016","Chinese edition"
"罪案疑云：天使与恶魔","388374","10","0","0","1","0","0","0","0","0","0","0","3","","","","","","131410100","5.56132","8.566","2","0","933","thing","Detective: Saints & Sinners","1","5","120","120","120","2025","1","1","14+","Unplayable in another language","","","","","","expansion","","204","","","","2024-09-19","新物集","","","茨坝人才公寓405","2025-01-14","Game Harbor","Chinese","2025","Chinese edition"
"罪案疑云：天使之城","218074","10","0","0","1","0","0","0","0","0","0","0","3","","","","","","131395669","6.87853","7.84214","2.3548","649","8951","thing","Detective: City of Angels","1","5","150","150","30","2021","1,2,3,4,5","3,4","14+","Extensive use of text - massive conversion needed to be playable","","","","","","standalone","","500","","","","2024-07-04","咸鱼","","","茨坝人才公寓405","2024-07-15","Game Harbor; Van Ryder Games","Chinese","2021","Chinese edition"
"罪案疑云：好莱坞的枪声","237900","10","0","0","1","0","0","0","0","0","0","0","3","","","","","","131398198","5.79724","8.3723","2.8889","0","3526","thing","Detective: Bullets over Hollywood","1","5","150","150","30","2022","1,2,3,4","2","14+","Extensive use of text - massive conversion needed to be playable","","","","","","expansion","","200","","","","","咸鱼","","","茨坝人才公寓405","","Game Harbor","Chinese","2022","Chinese edition"
"罪案疑云：迷雾与幻影","287075","10","0","0","1","0","0","0","0","0","0","0","3","","","","","","131410163","5.7337","8.45835","2.6667","0","2775","thing","Detective: Smoke and Mirrors","1","5","120","120","45","2025","1","1","14+","Unplayable in another language","","","","","","expansion","","204","","","","2024-09-19","新物集","","","茨坝人才公寓405","2025-01-14","Game Harbor","Chinese","2025","Chinese edition"
"花砖物语：巧夺天工","363247","9","0","0","1","0","0","0","0","0","0","0","3","","","","","","131426756","6.835","7.85285","1.7889","720","8400","thing","Azul: Master Chocolatier","2","4","45","45","30","2024","2,3,4","2,3","8+","No necessary in-game text","","","","","","standalone","","328","","","","2024-11-04","新物集","","","茨坝人才公寓405","2024-12-20","One Moment Games","Chinese","2024","Simplified Chinese edition"
"英雄止步","333255","9","0","0","1","0","0","0","0","0","0","0","3","","","","","","134420430","7.14361","7.88223","2.4936","354","13319","thing","Keep the Heroes Out!","1","4","40","40","40","2022","1,2,3","2","8+","No necessary in-game text","","","","","","standalone","","300","","","","","新物集","","","","","Brueh Games Inc.; Treetato Studio","Chinese","0","Chinese edition"
"英雄止步:會長的復仇","351550","9","0","0","1","0","0","0","0","0","0","0","3","","","","","","134420455","6.01389","8.12595","2.5556","0","5043","thing","Keep the Heroes Out!: Guild Master's Revenge Expansion","1","5","40","40","40","2022","2,3,4","3","8+","No necessary in-game text","","","","","","expansion","","156","","","","","","","","","","Brueh Games Inc.; Treetato Studio","Chinese","0","Chinese edition"
"菲雅的沼泽","438442","0","0","0","1","0","1","0","0","0","0","0","3","","","","","","140810214","6.37034","7.59818","3.1895","1682","3581","thing","Feya's Swamp","2","4","100","100","80","2025","2,3,4","4","14+","No necessary in-game text","","","","","","standalone","","218","","","","","新物集","","","","","YOKA Games","Chinese","2025","Chinese edition"
"詐賭巫師","38194","0","0","0","0","0","0","0","0","0","0","0","3","","","","","","142913558","5.84297","6.25179","1.6111","4408","3821","thing","Cheaty Mages!","3","6","30","30","30","2012","3,4,5,6","4","8+","Some necessary text - easily memorized or small crib sheet","","","","","","standalone","","","","","","","","","","","","Swan Panasia Co., Ltd.","Chinese","2012","Chinese edition"
"诡镇奇谈：洛夫克拉夫特情书","424784","8","0","0","1","0","0","0","0","0","0","0","3","","","","","","145483028","6.20361","7.448","1.4242","2246","4778","thing","Arkham Horror: Lovecraft Letter","2","6","20","20","15","2025","3,4,5,6","4","10+","Some necessary text - easily memorized or small crib sheet","","","","","","standalone","","67.55","","","","2026-05-10","淘宝","","","","2026-05-20","Z-Man Games","Chinese","2025","Simplified Chinese edition"
"诺丁汉警长（第二版）","298638","0","0","0","0","0","0","0","1","0","0","0","3","","","","","","146647733","6.52797","7.20131","1.7111","1279","11218","thing","Sheriff of Nottingham: 2nd Edition","3","6","60","60","60","2020","4,5,6","5","8+","No necessary in-game text","","","","","","standalone","","","","","","","","","","","","Broadway Toys LTD; CMON Global Limited","Chinese","2020","Chinese edition"
"谍报风云：5周年纪念版","225694","8","0","0","1","0","0","0","0","0","0","0","3","","","","","","131429599","7.54641","7.76356","1.8247","117","47103","thing","Decrypto","3","8","45","45","15","2023","4,5,6,7,8","4,6","10+","Unplayable in another language","","","","","","standalone","","156.6","","","","2024-12-24","淘宝","","","茨坝人才公寓405","2025-01-04","Scorpion Masqué","Chinese","2023","Chinese 5th Anniversary edition"
"遙遠之地","385761","8","0","0","1","0","0","0","0","0","0","0","3","","","","","","131425552","7.27388","7.53859","1.9449","254","34325","thing","Faraway","2","6","25","25","25","2024","2,3,4,5","3","10+","No necessary in-game text","","","","","","standalone","","139","","","","2024-12-19","摩点","","","茨坝人才公寓405","2025-01-21","Blackrock Games; BoardGamePlanet; Catch Up Games; CMON Global Limited; 狗吠火車","Chinese","2024","Chinese edition with Endless River cover"
"遙遠之地：地下族群","425029","8","0","0","1","0","0","0","0","0","0","0","3","","","","","","132329563","6.35219","7.82922","1.9167","0","8658","thing","Faraway: People From Below","2","7","25","25","25","2025","2,3,4,5,6","2,4,5","6+","No necessary in-game text","","","","","","expansion","","28","","","","","","","","","","Catch Up Games; CMON Global Limited; 狗吠火車","Chinese","2025","Chinese edition"
"遙遠之地：星空之下","451708","0","0","0","1","0","0","0","0","0","0","0","3","","","","","","146536564","5.86546","7.72049","2.125","0","4113","thing","Faraway: Under Starry Skies","2","6","30","30","15","2026","2,3,4,5,6","2,3,4,5","8+","No necessary in-game text","","","","","","expansion","","28","","","","","新物集","","","","","Blackrock Games; BoardGamePlanet; Catch Up Games; CMON Global Limited","Chinese","2026","Traditional Chinese edition"
"阿瑞迪亚：勇踏征途","219650","0","0","0","0","0","0","0","0","0","1","0","3","","","","","","138477276","7.09816","8.97474","3.307","397","5630","thing","Arydia: The Paths We Dare Tread","1","4","240","240","60","2026","1,2,3,4","2","10+","Unplayable in another language","","","","","","standalone","","","","","","","","","","","","Far Off Games; Rawstone","Chinese","2026","Chinese edition"
"骰筑火星","296108","8","0","0","1","0","0","0","0","0","0","0","3","","","","","","137519000","6.64416","7.29103","2.4014","1023","10669","thing","Terraforming Mars: The Dice Game","1","4","45","45","45","2023","1,2,3,4","2","12+","Some necessary text - easily memorized or small crib sheet","","","","","","standalone","","170","","","","","","","","","","FryxGames; Stronghold Games; Surfin' Meeple China","Chinese","2023","Chinese edition"
"骸骨險境: 堅不可摧","347811","10","0","0","1","0","0","0","0","0","0","0","3","","","","","","131426871","6.52365","8.80049","3.8571","1285","5139","thing","Too Many Bones: Unbreakable","1","4","180","180","60","2023","1,2,3","1,2","14+","Extensive use of text - massive conversion needed to be playable","","","","","","standalone","","468.22","","","","2025-02-26","淘宝","","","茨坝人才公寓405","2025-03-09","GoKids 玩樂小子","Chinese","2023","Traditional Chinese edition"
"魔戒：中洲对决","421006","10","0","0","1","0","0","0","0","0","0","0","3","","","","","","131429429","8.00025","8.35151","2.0709","19","45167","thing","The Lord of the Rings: Duel for Middle-earth","2","2","30","30","30","2024","2","2","10+","No necessary in-game text","","","","","","standalone","","177.02","","","","2024-10-14","淘宝","","带双promo","茨坝人才公寓405","2024-11-04","Repos Production","Chinese","2024","Chinese edition"
"魔戒：命运同盟","436217","0","0","0","1","0","0","0","0","0","0","0","3","","","","","","144050140","7.74578","8.33573","3.1036","58","24034","thing","The Lord of the Rings: Fate of the Fellowship","1","5","150","150","60","2025","1,2,3,4","3","12+","Moderate in-game text - needs crib sheet or paste ups","","","","","","standalone","","360","","","","","咸鱼","","","","","Z-Man Games","Chinese","2025","Simplified Chinese edition"
